﻿<?xml version="1.0" encoding="utf-8"?>
<publishData>
  <publishProfile publishUrl="G:\wwwroot\家庭理财管理系统" deleteExistingFiles="True" ftpAnonymousLogin="False" ftpPassiveMode="True" msdeploySite="" msdeploySiteID="" msdeployRemoteSitePhysicalPath="" msdeployAllowUntrustedCertificate="False" msdeploySkipExtraFilesOnServer="True" msdeployMarkAsApp="False" profileName="Publish" publishMethod="FileSystem" replaceMatchingFiles="False" userName="" savePWD="False" userPWD="" SelectedForPublish="True">
    <file relUrl="SmartAdmin.Publish.xml" publishTime="12/09/2012 22:09:59" />
    <file relUrl="Content/img/help.png" publishTime="12/05/2012 21:02:35" />
    <file relUrl="Content/img/gallery/book01.jpg" publishTime="12/05/2012 21:02:35" />
    <file relUrl="Content/themes/base/images/ui-bg_flat_75_ffffff_40x100.png" publishTime="12/05/2012 21:02:35" />
    <file relUrl="Views/Shared/_Layout.cshtml" publishTime="12/05/2012 21:02:35" />
    <file relUrl="Views/System/InstallDataBase.cshtml" publishTime="12/09/2012 23:03:55" />
    <file relUrl="Scripts/MicrosoftAjax.js" publishTime="12/05/2012 21:02:35" />
    <file relUrl="Scripts/jquery-1.4.4.js" publishTime="12/05/2012 21:02:35" />
    <file relUrl="Views/Shared/_Menu.cshtml" publishTime="12/05/2012 21:02:35" />
    <file relUrl="Views/User/Add.cshtml" publishTime="12/09/2012 22:27:55" />
    <file relUrl="Content/js/jquery.ui.widget.min.js" publishTime="12/05/2012 21:02:35" />
    <file relUrl="Views/Link/Index.cshtml" publishTime="12/05/2012 21:02:35" />
    <file relUrl="Content/img/search.gif" publishTime="12/05/2012 21:02:35" />
    <file relUrl="bin/EntityFramework.xml" publishTime="04/01/2011 22:26:06" />
    <file relUrl="Scripts/MicrosoftMvcValidation.debug.js" publishTime="12/05/2012 21:02:35" />
    <file relUrl="Scripts/jquery-1.4.4-vsdoc.js" publishTime="12/05/2012 21:02:35" />
    <file relUrl="Content/img/exclamation.png" publishTime="12/05/2012 21:02:35" />
    <file relUrl="Content/img/tag-bg.gif" publishTime="12/05/2012 21:02:35" />
    <file relUrl="Web.config" publishTime="12/09/2012 23:10:44" />
    <file relUrl="Content/themes/base/images/ui-bg_glass_75_dadada_1x400.png" publishTime="12/05/2012 21:02:35" />
    <file relUrl="Content/img/favicons/apple.png" publishTime="12/05/2012 21:02:35" />
    <file relUrl="Content/themes/base/images/ui-icons_cd0a0a_256x240.png" publishTime="12/05/2012 21:02:35" />
    <file relUrl="Scripts/MicrosoftMvcAjax.js" publishTime="12/05/2012 21:02:35" />
    <file relUrl="Content/img/gallery/leaflet01.jpg" publishTime="12/05/2012 21:02:35" />
    <file relUrl="Content/img/valid.gif" publishTime="12/05/2012 21:02:35" />
    <file relUrl="Content/img/shadow.png" publishTime="12/05/2012 21:02:35" />
    <file relUrl="bin/EntityFramework.dll" publishTime="04/06/2011 10:33:38" />
    <file relUrl="bin/zh-Hans/EntityFramework.resources.dll" publishTime="05/31/2011 16:33:52" />
    <file relUrl="Content/js/jquery.validate_pack.js" publishTime="12/05/2012 21:02:35" />
    <file relUrl="Content/img/book.png" publishTime="12/05/2012 21:02:35" />
    <file relUrl="Content/img/quote.png" publishTime="12/05/2012 21:02:35" />
    <file relUrl="Content/themes/base/images/ui-icons_2e83ff_256x240.png" publishTime="12/05/2012 21:02:35" />
    <file relUrl="Scripts/jquery-1.4.4.min.js" publishTime="12/05/2012 21:02:35" />
    <file relUrl="Content/img/cancel.png" publishTime="12/05/2012 21:02:35" />
    <file relUrl="Content/themes/base/images/ui-bg_glass_75_e6e6e6_1x400.png" publishTime="12/05/2012 21:02:35" />
    <file relUrl="Scripts/jquery-ui.js" publishTime="12/05/2012 21:02:35" />
    <file relUrl="Content/img/nyro/ajaxLoader.gif" publishTime="12/05/2012 21:02:35" />
    <file relUrl="Views/User/_QuickMenu.cshtml" publishTime="12/07/2012 20:19:47" />
    <file relUrl="Content/img/gallery/card01.jpg" publishTime="12/05/2012 21:02:35" />
    <file relUrl="Content/img/datatable/sort_desc.png" publishTime="12/05/2012 21:02:35" />
    <file relUrl="Content/js/jquery.tagInput.min.js" publishTime="12/05/2012 21:02:35" />
    <file relUrl="Scripts/jquery.unobtrusive-ajax.min.js" publishTime="12/05/2012 21:02:35" />
    <file relUrl="Content/img/datatable/back_enabled.png" publishTime="12/05/2012 21:02:35" />
    <file relUrl="Views/User/Alert.cshtml" publishTime="12/07/2012 21:07:25" />
    <file relUrl="Content/js/jquery.superfish.min.js" publishTime="12/05/2012 21:02:35" />
    <file relUrl="Content/themes/base/images/ui-bg_glass_55_fbf9ee_1x400.png" publishTime="12/05/2012 21:02:35" />
    <file relUrl="Content/js/jquery.supersubs.min.js" publishTime="12/05/2012 21:02:35" />
    <file relUrl="Content/css/style.css" publishTime="12/05/2012 21:02:35" />
    <file relUrl="Content/img/delete.png" publishTime="12/05/2012 21:02:35" />
    <file relUrl="Content/css/custom.css" publishTime="12/05/2012 21:02:35" />
    <file relUrl="Content/img/datatable/forward_enabled.png" publishTime="12/05/2012 21:02:35" />
    <file relUrl="Content/js/flot/jquery.flot.min.js" publishTime="12/05/2012 21:02:35" />
    <file relUrl="Content/js/jquery.sparkline.min.js" publishTime="12/05/2012 21:02:35" />
    <file relUrl="Views/Web.config" publishTime="12/05/2012 21:02:35" />
    <file relUrl="Views/LeaveMessage/Index.cshtml" publishTime="12/05/2012 21:02:35" />
    <file relUrl="bin/Smart.Admin.pdb" publishTime="12/09/2012 23:10:42" />
    <file relUrl="Content/img/user_32.png" publishTime="12/05/2012 21:02:35" />
    <file relUrl="Content/img/accept.png" publishTime="12/05/2012 21:02:35" />
    <file relUrl="Views/Interface/Index.cshtml" publishTime="12/05/2012 21:02:35" />
    <file relUrl="Content/img/ie-notice.png" publishTime="12/05/2012 21:02:35" />
    <file relUrl="Views/Exception/Index.cshtml" publishTime="12/05/2012 21:02:35" />
    <file relUrl="Content/js/jquery-1.4.2.min.js" publishTime="12/05/2012 21:02:35" />
    <file relUrl="Content/img/logo.png" publishTime="12/05/2012 21:02:35" />
    <file relUrl="bin/Smart.Admin.dll" publishTime="12/09/2012 23:10:43" />
    <file relUrl="Content/img/nyro/prev.gif" publishTime="12/05/2012 21:02:35" />
    <file relUrl="Content/img/arrows-ffffff.png" publishTime="12/05/2012 21:02:35" />
    <file relUrl="Views/User/Del.cshtml" publishTime="12/07/2012 20:19:47" />
    <file relUrl="Views/Backup/Index.cshtml" publishTime="12/05/2012 21:02:35" />
    <file relUrl="Content/themes/base/images/ui-icons_222222_256x240.png" publishTime="12/05/2012 21:02:35" />
    <file relUrl="Content/img/key.png" publishTime="12/05/2012 21:02:35" />
    <file relUrl="Views/Article/Index.cshtml" publishTime="12/07/2012 20:19:47" />
    <file relUrl="Views/Attachment/Index.cshtml" publishTime="12/05/2012 21:02:35" />
    <file relUrl="Content/js/jquery.ui.core.min.js" publishTime="12/05/2012 21:02:35" />
    <file relUrl="Views/Shared/_UserInfo.cshtml" publishTime="12/05/2012 21:02:35" />
    <file relUrl="Views/User/Index.cshtml" publishTime="12/07/2012 20:19:47" />
    <file relUrl="Content/js/jquery.nyroModal.pack.js" publishTime="12/05/2012 21:02:35" />
    <file relUrl="Views/Contact/Index.cshtml" publishTime="12/05/2012 21:02:35" />
    <file relUrl="Content/img/toggle.gif" publishTime="12/05/2012 21:02:35" />
    <file relUrl="Views/Shared/Error.cshtml" publishTime="12/05/2012 21:02:35" />
    <file relUrl="Content/img/page_save.png" publishTime="12/05/2012 21:02:35" />
    <file relUrl="Content/themes/base/images/ui-icons_454545_256x240.png" publishTime="12/05/2012 21:02:35" />
    <file relUrl="Content/js/flot/jquery.flot.selection.min.js" publishTime="12/05/2012 21:02:35" />
    <file relUrl="Views/System/NoThanks.cshtml" publishTime="12/09/2012 23:08:10" />
    <file relUrl="Content/img/page_white_go.png" publishTime="12/05/2012 21:02:35" />
    <file relUrl="Scripts/jquery.validate.min.js" publishTime="12/05/2012 21:02:35" />
    <file relUrl="Content/themes/base/images/ui-bg_glass_65_ffffff_1x400.png" publishTime="12/05/2012 21:02:35" />
    <file relUrl="Content/img/btn-overlay.png" publishTime="12/05/2012 21:02:35" />
    <file relUrl="bin/Smart.Utility.dll" publishTime="12/05/2012 21:02:35" />
    <file relUrl="Content/img/error.png" publishTime="12/05/2012 21:02:35" />
    <file relUrl="Views/Security/Index.cshtml" publishTime="12/05/2012 21:02:35" />
    <file relUrl="Content/img/jquery.wysiwyg.gif" publishTime="12/05/2012 21:02:35" />
    <file relUrl="Views/User/Edit.cshtml" publishTime="12/09/2012 22:28:26" />
    <file relUrl="Content/js/administry.js" publishTime="12/05/2012 21:02:35" />
    <file relUrl="Content/js/swfobject.js" publishTime="12/05/2012 21:02:35" />
    <file relUrl="Views/Logger/Index.cshtml" publishTime="12/05/2012 21:02:35" />
    <file relUrl="Content/img/nyro/close.gif" publishTime="12/05/2012 21:02:35" />
    <file relUrl="Scripts/jquery.validate.unobtrusive.js" publishTime="12/05/2012 21:02:35" />
    <file relUrl="Scripts/jquery-ui.min.js" publishTime="12/05/2012 21:02:35" />
    <file relUrl="Content/img/datatable/sort_desc_disabled.png" publishTime="12/05/2012 21:02:35" />
    <file relUrl="Content/js/jquery.tipTip.min.js" publishTime="12/05/2012 21:02:35" />
    <file relUrl="Views/System/Install.cshtml" publishTime="12/09/2012 22:59:50" />
    <file relUrl="Content/img/datatable/forward_disabled.png" publishTime="12/05/2012 21:02:35" />
    <file relUrl="Scripts/MicrosoftMvcValidation.js" publishTime="12/05/2012 21:02:35" />
    <file relUrl="Views/_ViewStart.cshtml" publishTime="12/05/2012 21:02:35" />
    <file relUrl="Content/img/toggle-small-expand.png" publishTime="12/05/2012 21:02:35" />
    <file relUrl="Content/themes/base/images/ui-icons_888888_256x240.png" publishTime="12/05/2012 21:02:35" />
    <file relUrl="Content/img/add.png" publishTime="12/05/2012 21:02:35" />
    <file relUrl="Content/js/jquery.dataTables.min.js" publishTime="12/05/2012 21:02:35" />
    <file relUrl="bin/MySql.Data.dll" publishTime="10/17/2012 14:19:26" />
    <file relUrl="Content/themes/base/jquery-ui.css" publishTime="12/05/2012 21:02:35" />
    <file relUrl="Content/img/datatable/sort_asc_disabled.png" publishTime="12/05/2012 21:02:35" />
    <file relUrl="Views/Analysis/Index.cshtml" publishTime="12/05/2012 21:02:35" />
    <file relUrl="Views/Picture/Index.cshtml" publishTime="12/05/2012 21:02:35" />
    <file relUrl="Content/img/datatable/sort_asc.png" publishTime="12/05/2012 21:02:35" />
    <file relUrl="Content/img/nyro/next.gif" publishTime="12/05/2012 21:02:35" />
    <file relUrl="Content/img/favicons/favicon.png" publishTime="12/05/2012 21:02:35" />
    <file relUrl="Content/js/jquery.wysiwyg.min.js" publishTime="12/05/2012 21:02:35" />
    <file relUrl="Scripts/jquery.unobtrusive-ajax.js" publishTime="12/05/2012 21:02:35" />
    <file relUrl="Content/img/style.png" publishTime="12/05/2012 21:02:35" />
    <file relUrl="Views/Update/Index.cshtml" publishTime="12/05/2012 21:02:35" />
    <file relUrl="Views/Product/Index.cshtml" publishTime="12/05/2012 21:02:35" />
    <file relUrl="Scripts/MicrosoftAjax.debug.js" publishTime="12/05/2012 21:02:35" />
    <file relUrl="Views/System/Login.cshtml" publishTime="12/09/2012 22:39:13" />
    <file relUrl="Content/img/preview-not-available.gif" publishTime="12/05/2012 21:02:35" />
    <file relUrl="Content/img/datatable/sort_both.png" publishTime="12/05/2012 21:02:35" />
    <file relUrl="Content/img/datatable/back_disabled.png" publishTime="12/05/2012 21:02:35" />
    <file relUrl="Scripts/MicrosoftMvcAjax.debug.js" publishTime="12/05/2012 21:02:35" />
    <file relUrl="Content/themes/base/images/ui-bg_glass_95_fef1ec_1x400.png" publishTime="12/05/2012 21:02:35" />
    <file relUrl="Content/img/information.png" publishTime="12/05/2012 21:02:35" />
    <file relUrl="Scripts/jquery.validate-vsdoc.js" publishTime="12/05/2012 21:02:35" />
    <file relUrl="Views/Configuration/Index.cshtml" publishTime="12/05/2012 21:02:35" />
    <file relUrl="Scripts/jquery.validate.js" publishTime="12/05/2012 21:02:35" />
    <file relUrl="Views/System/Index.cshtml" publishTime="12/05/2012 21:02:35" />
    <file relUrl="Content/themes/base/images/ui-bg_flat_0_aaaaaa_40x100.png" publishTime="12/05/2012 21:02:35" />
    <file relUrl="Content/js/jquery.ui.tabs.min.js" publishTime="12/05/2012 21:02:35" />
    <file relUrl="Scripts/jquery.validate.unobtrusive.min.js" publishTime="12/05/2012 21:02:35" />
    <file relUrl="Global.asax" publishTime="12/05/2012 21:02:35" />
    <file relUrl="Views/Article/Add.cshtml" publishTime="12/05/2012 21:02:35" />
    <file relUrl="Content/themes/base/images/ui-bg_highlight-soft_75_cccccc_1x100.png" publishTime="12/05/2012 21:02:35" />
  </publishProfile>
</publishData>